id;name;assocation;release_date;release_point;arrival_point;release_point_dms;arrival_point_dms;release_map_link;arrival_map_link;distance;distance_displayed_value;check_point_distance;check_lined_reporting;check_line_point_distance;time_window;generation_in_progress;generated;reset;progress
1;maroon;Concrete override;2022-07-05T13:14:15;New;Fresh;infrastructures network;override;Coves engineer;Pakistan homogeneous;78711;Account;TWENTYFIVEKM;false;FIFTEENKM;FIVEH;false;false;false;91378
2;Administrator Metal;bluetooth transmit deposit;2022-07-04T18:19:26;Missouri methodologies;Coordinator whiteboard;support African;Fresh;Louisiana Mission;leading tan sexy;49689;Account;TWENTYKM;false;TENKM;SIXH;true;false;false;28339
3;wireless;Cotton;2022-07-05T14:18:21;Louisiana metrics;copy;secondary Dollar Direct;Verde;Account;Granite infomediaries Directives;8738;New Small;THIRTYKM;true;TWENTYKM;FOURH;false;true;true;46038
4;Tasty deposit;Hill Automated wireless;2022-07-05T01:18:32;Borders Cambridgeshire;invoice;Metal virtual;Sleek middleware impactful;productize;integrate;87966;portals;FIFTYKM;false;THIRTYKM;SIXH;false;true;true;4763
5;Assimilated black Clothing;Trafficway bypass;2022-07-05T07:56:17;Loan;Frozen maroon;Chair;multi-byte Cameroon;Avon;Card Human withdrawal;82918;back orchestrate;TWENTYKM;true;THIRTYKM;THREEH;true;false;true;75605
6;Hong exploit Implementation;Chair;2022-07-05T03:53:09;Triple-buffered bandwidth;neural;calculating Communications;Bahamas;Decentralized;connecting District;45815;multi-byte Product;FIFTEENKM;true;TWENTYFIVEKM;EIGHTH;false;false;true;38308
7;feed Director;Buckinghamshire mobile;2022-07-05T12:17:14;Franc Qatari;schemas process;Zimbabwe revolutionize parse;open-source;orchestration interface 1080p;Account interactive;43989;Uganda;HUNDREDKM;true;TWENTYFIVEKM;FOURH;true;false;true;73203
8;Dakota sexy;state pink Angola;2022-07-05T10:02:26;Inverse program;Mobility Avon;invoice;eyeballs;redundant synthesizing;Dollar Market;38671;Cotton;FIFTYKM;true;THIRTYKM;THREEH;true;true;false;6866
9;primary;Director;2022-07-05T02:38:52;USB;orange SAS;infomediaries SDD;Fords Car;online;olive;3565;Locks internet Profound;FIVEKM;false;TWENTYKM;FIVEH;false;true;false;53691
10;invoice parsing yellow;circuit Progressive Principal;2022-07-05T12:53:58;card open-source;Chief parse Fresh;Concrete;firewall;Delaware green;Berkshire user;81854;best-of-breed Engineer non-volatile;FIFTEENKM;false;FIFTEENKM;SIXH;true;false;true;33113
